dt,x,y,position,velocity,acceleration,jerk,heading
0.010000,253.385454,299.594455,0.000747,0.149371,14.937107,1493.710692,4.154215
0.010000,253.385579,299.594655,0.000983,0.023644,-12.572708,-2750.981529,4.154231
0.010000,253.385861,299.595107,0.001515,0.053197,2.955277,1552.798492,4.154267
0.010000,253.386362,299.595909,0.002461,0.094564,4.136767,118.149073,4.154330
0.010000,253.387144,299.597162,0.003938,0.147737,5.317307,118.053947,4.154428
0.010000,253.388270,299.598967,0.006065,0.212700,6.496288,117.898128,4.154570
0.010000,253.389802,299.601422,0.008960,0.289430,7.672952,117.666362,4.154763
0.010000,253.391801,299.604629,0.012739,0.377894,8.846385,117.343314,4.155015
0.010000,253.394329,299.608686,0.017519,0.478049,10.015520,116.913539,4.155333
0.010000,253.387363,299.597492,0.030704,1.318495,84.044579,7402.905920,4.155727
0.010000,253.343399,299.526809,0.113944,8.324022,700.552702,61650.812293,4.156202
0.010000,253.291122,299.442661,0.213009,9.906458,158.243597,-54230.910559,4.156768
0.010000,253.230185,299.344441,0.328596,11.558716,165.225784,698.218765,4.157427
0.010000,253.160617,299.232132,0.460706,13.211044,165.232860,0.707519,4.158179
0.010000,253.082444,299.105705,0.609349,14.864238,165.319361,8.650121,4.159024
0.010000,252.995703,298.965141,0.774522,16.517361,165.312320,-0.704039,4.159962
0.010000,252.900424,298.810403,0.956242,18.171936,165.457462,14.514184,4.160992
0.010000,252.796651,298.641461,1.154510,19.826808,165.487271,2.980878,4.162114
0.010000,252.684426,298.458282,1.369333,21.482324,165.551554,6.428279,4.163327
0.010000,252.563797,298.260826,1.600721,23.138757,165.643313,9.175917,4.164631
0.010000,252.434813,298.049053,1.848682,24.796131,165.737414,9.410132,4.166025
0.010000,252.297527,297.822919,2.113227,26.454474,165.834312,9.689784,4.167508
0.010000,252.151998,297.582378,2.394365,28.113819,165.934484,10.017217,4.169080
0.010000,251.998285,297.327383,2.692107,29.774203,166.038430,10.394615,4.170740
0.010000,251.836453,297.057879,3.006466,31.435948,166.174486,13.605508,4.172487
0.010000,251.666566,296.773812,3.337458,33.099168,166.321959,14.747355,4.174320
0.010000,251.488699,296.475131,3.685089,34.763091,166.392283,7.032349,4.176239
0.010000,251.302923,296.161771,4.049379,36.429044,166.595330,20.304749,4.178242
0.010000,251.109316,295.833675,4.430340,38.096020,166.697654,10.232398,4.180329
0.010000,250.907956,295.490775,4.827990,39.765046,166.902544,20.489041,4.182498
0.010000,250.698929,295.133011,5.242342,41.435169,167.012318,10.977366,4.184749
0.010000,250.482319,294.760310,5.673417,43.107484,167.231470,21.915160,4.187080
0.010000,250.258216,294.372604,6.121232,44.781583,167.409911,17.844108,4.189490
0.010000,250.026711,293.969820,6.585806,46.457386,167.580309,17.039831,4.191977
0.010000,249.787901,293.551885,7.067159,48.135241,167.785450,20.514096,4.194541
0.010000,249.541882,293.118722,7.565311,49.815199,167.995872,21.042217,4.197180
0.010000,249.288755,292.670254,8.080284,51.497323,168.212328,21.645593,4.199892
0.010000,249.028622,292.206400,8.612101,53.181678,168.435560,22.323195,4.202677
0.010000,248.761590,291.727080,9.160784,54.868341,168.666297,23.073706,4.205532
0.010000,248.487765,291.232210,9.726361,56.557701,168.936004,26.970638,4.208456
0.010000,248.207258,290.721705,10.308855,58.249365,169.166373,23.036960,4.211447
0.010000,247.920183,290.195483,10.908290,59.943494,169.412945,24.657201,4.214503
0.010000,247.626651,289.653451,11.524698,61.640793,169.729847,31.690144,4.217623
0.010000,247.326783,289.095527,12.158101,63.340375,169.958208,22.836153,4.220805
0.010000,247.020695,288.521616,12.808535,65.043347,170.297185,33.897695,4.224046
0.010000,246.708508,287.931632,13.476024,66.748951,170.560403,26.321806,4.227346
0.010000,246.390344,287.325482,14.160602,68.457725,170.877414,31.701109,4.230701
0.010000,246.066326,286.703073,14.862300,70.169802,171.207721,33.030692,4.234110
0.010000,245.736580,286.064314,15.581150,71.885065,171.526266,31.854447,4.237570
0.010000,245.401232,285.409110,16.317187,73.603683,171.861850,33.558409,4.241080
0.010000,245.060409,284.737369,17.070445,75.325770,172.208721,34.687155,4.244636
0.010000,244.714239,284.048995,17.840959,77.051412,172.564123,35.540135,4.248237
0.010000,244.362851,283.343894,18.628766,78.780699,172.928684,36.456164,4.251880
0.010000,244.006684,282.622600,19.433204,80.443799,166.310091,-661.859348,4.255559
0.010000,243.646475,281.886280,20.252910,81.970621,152.682126,-1362.796498,4.259266
0.010000,243.282941,281.136115,21.086519,83.360863,139.024200,-1365.792620,4.262993
0.010000,242.916787,280.373301,21.932660,84.614123,125.326027,-1369.817262,4.266730
0.010000,242.548696,279.599045,22.789960,85.730011,111.588794,-1373.723323,4.270470
0.010000,242.179334,278.814568,23.657043,86.708268,97.825677,-1376.311628,4.274206
0.010000,241.809351,278.021106,24.532524,87.548159,83.989142,-1383.653567,4.277929
0.010000,241.439376,277.219907,25.415022,88.249735,70.157616,-1383.152578,4.281632
0.010000,241.070022,276.412236,26.303141,88.811963,56.222747,-1393.486949,4.285309
0.010000,240.701881,275.599363,27.195492,89.235034,42.307174,-1391.557280,4.288954
0.010000,240.335532,274.782581,28.090670,89.517867,28.283214,-1402.395955,4.292558
0.010000,239.971532,273.963188,28.987276,89.660530,14.266303,-1401.691139,4.296118
0.010000,239.610140,273.141852,29.884603,89.732737,7.220721,-704.558198,4.299630
0.010000,239.251326,272.318598,30.782654,89.805073,7.233652,1.293132,4.303093
0.010000,238.895058,271.493449,31.681429,89.877551,7.247715,1.406294,4.306508
0.010000,238.541305,270.666432,32.580928,89.949875,7.232477,-1.523758,4.309874
0.010000,238.190035,269.837568,33.481154,90.022588,7.271299,3.882107,4.313193
0.010000,237.841217,269.006885,34.382102,90.094824,7.223607,-4.769119,4.316463
0.010000,237.494818,268.174402,35.283779,90.167662,7.283804,6.019617,4.319684
0.010000,237.150807,267.340148,36.186178,90.239895,7.223226,-6.057792,4.322858
0.010000,236.809150,266.504140,37.089304,90.312665,7.277049,5.382302,4.325983
0.010000,236.469815,265.666407,37.993154,90.384998,7.233320,-4.372859,4.329059
0.010000,236.132768,264.826969,38.897730,90.457575,7.257642,2.432234,4.332087
0.010000,235.797976,263.985849,39.803030,90.529979,7.240455,-1.718747,4.335067
0.010000,235.465407,263.143071,40.709053,90.602311,7.233167,-0.728748,4.337999
0.010000,235.135026,262.298654,41.615801,90.674757,7.244623,1.145540,4.340883
0.010000,234.806800,261.452625,42.523269,90.746802,7.204456,-4.016720,4.343718
0.010000,234.480694,260.605000,43.431461,90.819260,7.245837,4.138117,4.346505
0.010000,234.156675,259.755806,44.340371,90.890983,7.172289,-7.354737,4.349244
0.010000,233.834707,258.905059,45.250005,90.963383,7.239959,6.766984,4.351936
0.010000,233.514758,258.052788,46.160353,91.034840,7.145742,-9.421690,4.354579
0.010000,233.196791,257.199005,47.071423,91.107006,7.216581,7.083899,4.357174
0.010000,232.880773,256.343737,47.983207,91.178387,7.138077,-7.850466,4.359722
0.010000,232.566667,255.487001,48.895709,91.250190,7.180366,4.228945,4.362222
0.010000,232.254440,254.628819,49.808924,91.321472,7.128157,-5.220948,4.364674
0.010000,231.944056,253.769210,50.722853,91.392897,7.142530,1.437326,4.367079
0.010000,231.635479,252.908195,51.637493,91.464058,7.116071,-2.645886,4.369436
0.010000,231.328674,252.045793,52.552844,91.535094,7.103634,-1.243752,4.371746
0.010000,231.023604,251.182021,53.468905,91.606113,7.101927,-0.170659,4.374009
0.010000,230.720236,250.316903,54.385673,91.676755,7.064186,-3.774103,4.376224
0.010000,230.418532,249.450452,55.303149,91.747614,7.085849,2.166263,4.378392
0.010000,230.118457,248.582692,56.221328,91.817860,7.024645,-6.120323,4.380514
0.010000,229.819974,247.713636,57.140213,91.888540,7.067976,4.333064,4.382588
0.010000,229.523048,246.843309,58.059797,91.958394,6.985421,-8.255489,4.384616
0.010000,229.227641,245.971720,58.980086,92.028879,7.048464,6.304264,4.386597
0.010000,228.933719,245.098897,59.901069,92.098348,6.946876,-10.158819,4.388531
0.010000,228.641243,244.224848,60.822755,92.168566,7.021850,7.497477,4.390419
0.010000,228.350178,243.349598,61.745133,92.237772,6.920584,-10.126602,4.392260
0.010000,228.060487,242.473157,62.668209,92.307634,6.986201,6.561646,4.394055
0.010000,227.772133,241.595549,63.591975,92.376632,6.899792,-8.640848,4.395804
0.010000,227.485078,240.716784,64.516436,92.446116,6.948411,4.861918,4.397507
0.010000,227.199287,239.836884,65.441585,92.514900,6.878350,-7.006170,4.399163
0.010000,226.914722,238.955860,66.367426,92.584018,6.911879,3.352969,4.400774
0.010000,226.631346,238.073733,67.293951,92.652583,6.856440,-5.543974,4.402339
0.010000,226.349122,237.190515,68.221165,92.721351,6.876804,2.036396,4.403858
0.010000,226.068012,236.306224,69.149062,92.789693,6.834250,-4.255371,4.405331
0.010000,225.787979,235.420874,70.077643,92.858127,6.843351,0.910096,4.406759
0.010000,225.508986,234.534482,71.006906,92.926246,6.811971,-3.137960,4.408142
0.010000,225.230995,233.647061,71.936849,92.994363,6.811659,-0.031256,4.409479
0.010000,224.953968,232.758627,72.867472,93.062261,6.789796,-2.186304,4.410771
0.010000,224.677869,231.869194,73.798773,93.130079,6.781838,-0.795724,4.412017
0.010000,224.402658,230.978778,74.730750,93.197759,6.767914,-1.392409,4.413219
0.010000,224.128298,230.087392,75.663403,93.265298,6.753978,-1.393638,4.414375
0.010000,223.854752,229.195051,76.596731,93.332763,6.746516,-0.746196,4.415487
0.010000,223.581982,228.301769,77.530731,93.400045,6.728145,-1.837128,4.416554
0.010000,223.309948,227.407559,78.465404,93.467303,6.725785,-0.235963,4.417575
0.010000,223.038614,226.512436,79.400748,93.534347,6.704388,-2.139676,4.418552
0.010000,222.767941,225.616412,80.336762,93.601406,6.705900,0.151174,4.419485
0.010000,222.497890,224.719503,81.273444,93.668233,6.682743,-2.315676,4.420373
0.010000,222.228424,223.821720,82.210795,93.735103,6.687032,0.428851,4.421216
0.010000,221.959504,222.923077,83.148813,93.801736,6.663232,-2.380027,4.422015
0.010000,221.691091,222.023587,84.087497,93.868429,6.669342,0.611048,4.422769
0.010000,221.423147,221.123263,85.026846,93.934888,6.645865,-2.347735,4.423479
0.010000,221.155634,220.222118,85.966860,94.001418,6.652982,0.711713,4.424145
0.010000,220.888512,219.320164,86.907537,94.067724,6.630646,-2.233555,4.424767
0.010000,220.621743,218.417415,87.848878,94.134105,6.638090,0.744404,4.425344
0.010000,220.355288,217.513882,88.790881,94.200281,6.617574,-2.051650,4.425877
0.010000,220.089107,216.609578,89.733546,94.266529,6.624793,0.721963,4.426366
0.010000,219.823163,215.704516,90.676872,94.332595,6.606641,-1.815286,4.426811
0.010000,219.557415,214.798707,91.620860,94.398727,6.613203,0.656224,4.427212
0.010000,219.291825,213.892164,92.565507,94.464705,6.597837,-1.536558,4.427569
0.010000,219.026353,212.984899,93.510814,94.530740,6.603415,0.557749,4.427881
0.010000,218.760960,212.076923,94.456781,94.596651,6.591153,-1.226149,4.428150
0.010000,218.495606,211.168249,95.403407,94.662606,6.595509,0.435602,4.428375
0.010000,218.230252,210.258889,96.350691,94.728472,6.586578,-0.893124,4.428556
0.010000,217.964859,209.348854,97.298635,94.794367,6.589550,0.297156,4.428693
0.010000,217.699386,208.438157,98.247237,94.860209,6.584102,-0.544764,4.428787
0.010000,217.433793,207.526808,99.196498,94.926064,6.585581,0.147943,4.428836
0.010000,217.168042,206.614820,100.146417,94.991901,6.583717,-0.186432,4.428841
0.010000,216.902091,205.702204,101.096994,95.057738,6.583632,-0.008470,4.428803
0.010000,216.635900,204.788973,102.048230,95.123592,6.585418,0.178520,4.428720
0.010000,216.369430,203.875136,103.000124,95.189429,6.583712,-0.170551,4.428594
0.010000,216.102640,202.960707,103.952678,95.255321,6.589200,0.548803,4.428424
0.010000,215.835490,202.045697,104.905889,95.321179,6.585812,-0.338849,4.428210
0.010000,215.567939,201.130117,105.859761,95.387130,6.595064,0.925210,4.427952
0.010000,215.299946,200.213980,106.814291,95.453029,6.589904,-0.515987,4.427650
0.010000,215.031471,199.297295,107.769481,95.519059,6.603010,1.310585,4.427304
0.010000,214.762473,198.380077,108.725332,95.585018,6.595943,-0.706625,4.426914
0.010000,214.492910,197.462335,109.681843,95.651149,6.613041,1.709762,4.426480
0.010000,214.222743,196.544082,110.639015,95.717188,6.603867,-0.917376,4.426001
0.010000,213.951929,195.625330,111.596849,95.783439,6.625162,2.129460,4.425479
0.010000,213.680427,194.706090,112.555345,95.849575,6.613595,-1.156686,4.424913
0.010000,213.408197,193.786374,113.514505,95.915969,6.639376,2.578133,4.424302
0.010000,213.135196,192.866195,114.474327,95.982219,6.625030,-1.434672,4.423647
0.010000,212.861382,191.945564,115.434815,96.048776,6.655688,3.065791,4.422948
0.010000,212.586715,191.024494,116.395966,96.115157,6.638058,-1.762923,4.422205
0.010000,212.311151,190.102995,117.357785,96.181898,6.674096,3.603772,4.421417
0.010000,212.034650,189.181082,118.320270,96.248423,6.652553,-2.154258,4.420585
0.010000,211.757168,188.258765,119.283423,96.315369,6.694598,4.204483,4.419708
0.010000,211.478664,187.336059,120.247244,96.382053,6.668374,-2.622449,4.418786
0.010000,211.199095,186.412974,121.211736,96.449225,6.717185,4.881098,4.417820
0.010000,210.918419,185.489526,122.176897,96.516078,6.685366,-3.181907,4.416809
0.010000,210.636593,184.565723,123.142732,96.583497,6.741838,5.647222,4.415754
0.010000,210.353574,183.641584,124.109237,96.650530,6.703365,-3.847332,4.414653
0.010000,210.069319,182.717117,125.076419,96.718216,6.768530,6.516524,4.413508
0.010000,209.783786,181.792339,126.044274,96.785438,6.722197,-4.633327,4.412318
0.010000,209.496931,180.867260,127.012808,96.853410,6.797220,7.502328,4.411082
0.010000,209.208711,179.941898,127.982016,96.920827,6.741680,-5.553980,4.409801
0.010000,208.919082,179.016261,128.951907,96.989105,6.827852,8.617184,4.408475
0.010000,208.628002,178.090371,129.922474,97.056737,6.763235,-6.461651,4.407104
0.010000,208.335424,177.164233,130.893728,97.125309,6.857136,9.390090,4.405687
0.010000,208.041309,176.237870,131.865660,97.193210,6.790120,-6.701642,4.404225
0.010000,207.745609,175.311290,132.838280,97.262023,6.881296,9.117613,4.402717
0.010000,207.448282,174.384513,133.811582,97.330238,6.821519,-5.977717,4.401164
0.010000,207.149283,173.457550,134.785575,97.399290,6.905136,8.361765,4.399564
0.010000,206.848569,172.530420,135.760253,97.467838,6.854810,-5.032679,4.397919
0.010000,206.546094,171.603135,136.735625,97.537122,6.928446,7.363604,4.396228
0.010000,206.241814,170.675715,137.711685,97.606021,6.889850,-3.859529,4.394490
0.010000,205.935685,169.748172,138.688440,97.675531,6.951015,6.116492,4.392707
0.010000,205.627661,168.820527,139.665888,97.744795,6.926467,-2.454833,4.390877
0.010000,205.317699,167.892792,140.644033,97.814522,6.972643,4.617591,4.389000
0.010000,205.005752,166.964988,141.622875,97.884166,6.964450,-0.819290,4.387078
0.010000,204.691777,166.037131,142.602416,97.954098,6.993134,2.868429,4.385108
0.010000,204.375727,165.109237,143.582657,98.024133,7.003551,1.041712,4.383092
0.010000,204.057559,164.181327,144.563600,98.094256,7.012306,0.875463,4.381029
0.010000,203.737225,163.253417,145.545247,98.164691,7.043481,3.117535,4.378919
0.010000,203.414681,162.325529,146.527597,98.234991,7.029988,-1.349362,4.376763
0.010000,203.089881,161.397677,147.510655,98.305830,7.083905,5.391739,4.374559
0.010000,202.762782,160.469887,148.494418,98.376290,7.046025,-3.788067,4.372308
0.010000,202.433334,159.542171,149.478893,98.447535,7.124440,7.841548,4.370010
0.010000,202.101495,158.614559,150.464075,98.518137,7.060279,-6.416111,4.367664
0.010000,201.767216,157.687061,151.449973,98.589784,7.164652,10.437348,4.365271
0.010000,201.430455,156.759708,152.436579,98.660602,7.081768,-8.288421,4.362830
0.010000,201.091163,155.832513,153.423903,98.732460,7.185786,10.401794,4.360342
0.010000,200.749296,154.905506,154.411939,98.803620,7.116090,-6.969629,4.357806
0.010000,200.404807,153.978702,155.400695,98.875562,7.194182,7.809230,4.355223
0.010000,200.057652,153.052130,156.390166,98.947106,7.154382,-3.979971,4.352591
0.010000,199.707783,152.125809,157.380357,99.019105,7.199937,4.555437,4.349912
0.010000,199.355155,151.199766,158.371267,99.091015,7.190950,-0.898724,4.347184
0.010000,198.999722,150.274023,159.362898,99.163045,7.202996,1.204604,4.344409
0.010000,198.641438,149.348606,160.355251,99.235296,7.225124,2.212851,4.341586
0.010000,198.280259,148.423542,161.348324,99.307329,7.203332,-2.179254,4.338714
0.010000,197.916136,147.498852,162.342123,99.379891,7.256179,5.284751,4.335794
0.010000,197.549027,146.574569,163.336642,99.451901,7.200946,-5.523272,4.332826
0.010000,197.178883,145.650713,164.331889,99.524734,7.283328,8.238121,4.329810
0.010000,196.805662,144.727318,165.327857,99.596806,7.207226,-7.610165,4.326745
0.010000,196.429315,143.804406,166.324554,99.669636,7.283013,7.578748,4.323632
0.010000,196.049800,142.882010,167.321973,99.741899,7.226230,-5.678374,4.320470
0.010000,195.667070,141.960158,168.320118,99.814589,7.269045,4.281547,4.317261
0.010000,195.281080,141.038879,169.318989,99.887039,7.244973,-2.407244,4.314003
0.010000,194.891786,140.118204,170.318584,99.959558,7.251901,0.692838,4.310696
0.010000,194.499144,139.198164,171.318906,100.032131,7.257294,0.539315,4.307341
0.010000,194.103108,138.278791,172.319950,100.104448,7.231692,-2.560218,4.303938
0.010000,193.703635,137.360116,173.321721,100.177070,7.262182,3.048983,4.300487
0.010000,193.300681,136.442173,174.324213,100.249160,7.209063,-5.311879,4.296987
0.010000,192.894201,135.524993,175.327430,100.321736,7.257564,4.850073,4.293440
0.010000,192.484154,134.608614,176.331367,100.393684,7.194868,-6.269601,4.289844
0.010000,192.070495,133.693068,177.336026,100.465904,7.221977,2.710937,4.286200
0.010000,191.653182,132.778390,178.341403,100.537755,7.185064,-3.691327,4.282508
0.010000,191.232173,131.864618,179.347499,100.609586,7.183117,-0.194710,4.278768
0.010000,190.807426,130.951787,180.354312,100.681234,7.164776,-1.834070,4.274981
0.010000,190.378899,130.039935,181.361838,100.752646,7.141170,-2.360598,4.271146
0.010000,189.946550,129.129099,182.370078,100.823974,7.132875,-0.829511,4.267263
0.010000,189.510340,128.219319,183.379027,100.894938,7.096335,-3.653972,4.263333
0.010000,189.070227,127.310633,184.388685,100.965820,7.088227,-0.810828,4.259356
0.010000,188.626172,126.403082,185.399048,101.036317,7.049703,-3.852381,4.255331
0.010000,188.178136,125.496705,186.410114,101.106596,7.027932,-2.177161,4.251260
0.010000,187.726081,124.591545,187.421880,101.176556,6.995972,-3.195955,4.247142
0.010000,187.269967,123.687643,188.434342,101.246193,6.963669,-3.230325,4.242978
0.010000,186.809757,122.785041,189.447497,101.315472,6.927981,-3.568768,4.238768
0.010000,186.345415,121.883783,190.461341,101.384435,6.896300,-3.168138,4.234511
0.010000,185.876904,120.983913,191.475870,101.452879,6.844370,-5.192979,4.230209
0.010000,185.404188,120.085473,192.491081,101.521139,6.825964,-1.840562,4.225862
0.010000,184.927234,119.188512,193.506967,101.588581,6.744195,-8.176929,4.221469
0.010000,184.446005,118.293072,194.523527,101.655989,6.740816,-0.337945,4.217032
0.010000,183.960471,117.399203,195.540752,101.722494,6.650507,-9.030836,4.212550
0.010000,183.470596,116.506948,196.558640,101.788818,6.632399,-1.810848,4.208024
0.010000,182.976350,115.616356,197.577184,101.854375,6.555687,-7.671187,4.203455
0.010000,182.477703,114.727477,198.596378,101.919427,6.505188,-5.049862,4.198842
0.010000,181.974622,113.840356,199.616218,101.983997,6.457055,-4.813275,4.194186
0.010000,181.467081,112.955046,200.636694,102.047597,6.359990,-9.706542,4.189487
0.010000,180.955049,112.071591,201.657805,102.111142,6.354481,-0.550895,4.184746
0.010000,180.438503,111.190050,202.679536,102.173107,6.196472,-15.800929,4.179964
0.010000,179.917411,110.310464,203.701891,102.235462,6.235548,3.907656,4.175141
0.010000,179.391755,109.432894,204.724850,102.295851,6.038878,-19.667067,4.170276
0.010000,178.861503,108.557382,205.748416,102.356649,6.079844,4.096657,4.165372
0.010000,178.326638,107.683988,206.772573,102.415680,5.903078,-17.676582,4.160428
0.010000,177.787135,106.812759,207.797319,102.474613,5.893257,-0.982171,4.155445
0.010000,177.242974,105.943751,208.822641,102.532222,5.760947,-13.230974,4.150423
0.010000,176.694135,105.077016,209.848532,102.589123,5.690097,-7.084981,4.145364
0.010000,176.140599,104.212607,210.874985,102.645241,5.611760,-7.833676,4.140267
0.010000,175.582352,103.350582,211.901984,102.699953,5.471204,-14.055666,4.135133
0.010000,175.019372,102.490987,212.929529,102.754499,5.454613,-1.659026,4.129964
0.010000,174.451652,101.633888,213.957598,102.806877,5.237756,-21.685746,4.124759
0.010000,173.879169,100.779326,214.986196,102.859760,5.288397,5.064075,4.119519
0.010000,173.301922,99.927372,216.015292,102.909674,4.991307,-29.708977,4.114246
0.010000,172.719887,99.078062,217.044900,102.960791,5.111774,12.046706,4.108939
0.010000,172.133069,98.231473,218.074982,103.008129,4.733815,-37.795907,4.103599
0.010000,171.541444,97.387636,219.105555,103.057329,4.919949,18.613417,4.098228
0.010000,170.945023,96.546633,220.136576,103.102070,4.474095,-44.585429,4.092826
0.010000,170.343781,95.708492,221.168066,103.149056,4.698572,22.447746,4.087394
0.010000,169.737734,94.873295,222.199980,103.191391,4.233568,-46.500408,4.081932
0.010000,169.126859,94.041071,223.232340,103.235958,4.456636,22.306806,4.076442
0.010000,168.511176,93.211902,224.265097,103.275705,3.974733,-48.190342,4.070924
0.010000,167.890662,92.385814,225.298275,103.317859,4.215356,24.062334,4.065380
0.010000,167.265343,91.562894,226.331823,103.354808,3.694942,-52.041436,4.059809
0.010000,166.635197,90.743162,227.365769,103.394597,3.978887,28.394485,4.054213
0.010000,166.000256,89.926709,228.400054,103.428509,3.391195,-58.769170,4.048593
0.010000,165.360497,89.113552,229.434712,103.465702,3.719356,32.816068,4.042950
0.010000,164.715956,88.303782,230.469681,103.496955,3.125281,-59.407466,4.037285
0.010000,164.066614,87.497417,231.504992,103.531089,3.413399,28.811808,4.031598
0.010000,163.412507,86.694541,232.540591,103.559945,2.885563,-52.783621,4.025890
0.010000,162.753625,85.895181,233.576498,103.590650,3.070516,18.495317,4.020163
0.010000,162.089997,85.099408,234.612671,103.617335,2.668475,-40.204119,4.014418
0.010000,161.421629,84.307262,235.649114,103.644246,2.691170,2.269538,4.008655
0.010000,160.748538,83.518797,236.685804,103.669054,2.480811,-21.035941,4.002876
0.010000,160.070747,82.734069,237.722722,103.691760,2.270508,-21.030251,3.997081
0.010000,159.388262,81.953112,238.759872,103.715059,2.329983,5.947461,3.991271
0.010000,158.701126,81.176002,239.797203,103.733092,1.803220,-52.676339,3.985449
0.010000,158.009329,80.402751,240.834748,103.754457,2.136561,33.334096,3.979613
0.010000,157.312930,79.633447,241.872438,103.769042,1.458449,-67.811134,3.973766
0.010000,156.611922,78.868103,242.910303,103.786446,1.740405,28.195577,3.967908
0.010000,155.906346,78.106780,243.948307,103.800372,1.392588,-34.781683,3.962041
0.010000,155.196701,77.350025,244.985743,103.743618,-5.675386,-706.797389,3.956170
0.010000,154.484038,76.598935,246.021129,103.538624,-20.499356,-1482.396995,3.950303
0.010000,153.769590,75.854744,247.052757,103.162806,-37.581819,-1708.246354,3.944452
0.010000,153.054540,75.118578,248.079030,102.627309,-53.549736,-1596.791636,3.938627
0.010000,152.340135,74.391573,249.098300,101.926954,-70.035423,-1648.568696,3.932837
0.010000,151.627688,73.674874,250.108863,101.056311,-87.064385,-1702.896275,3.927094
0.010000,150.918464,72.969525,251.109121,100.025872,-103.043893,-1597.950777,3.921408
0.010000,150.213788,72.276579,252.097424,98.830216,-119.565608,-1652.171490,3.915788
0.010000,149.515012,71.597064,253.072118,97.469416,-136.079935,-1651.432697,3.910246
0.010000,148.823507,70.931979,254.031554,95.943618,-152.579778,-1649.984315,3.904790
0.010000,148.140663,70.282296,254.974084,94.253047,-169.057160,-1647.738221,3.899432
0.010000,147.467890,69.648959,255.898065,92.398015,-185.503201,-1644.604114,3.894181
0.010000,146.806108,69.032421,256.802539,90.447442,-195.057303,-955.410141,3.889043
0.010000,146.155640,68.432568,257.687373,88.483445,-196.399721,-134.241802,3.884020
0.010000,145.516703,67.849195,258.552570,86.519637,-196.380804,1.891640,3.879111
0.010000,144.889506,67.282094,259.398135,84.556492,-196.314418,6.638617,3.874316
0.010000,144.274285,66.731096,260.224026,82.589081,-196.741170,-42.675171,3.869638
0.010000,143.671223,66.195990,261.030264,80.623893,-196.518744,22.242613,3.865074
0.010000,143.080510,65.676579,261.816858,78.659393,-196.450032,6.871215,3.860626
0.010000,142.502349,65.172689,262.583784,76.692591,-196.680153,-23.012168,3.856294
0.010000,141.936916,64.684129,263.331049,74.726489,-196.610259,6.989414,3.852077
0.010000,141.384365,64.210699,264.058682,72.763301,-196.318794,29.146555,3.847975
0.010000,140.844894,63.752246,264.766642,70.796028,-196.727245,-40.845105,3.843989
0.010000,140.318660,63.308591,265.454939,68.829611,-196.641719,8.552578,3.840118
0.010000,139.805804,62.879550,266.123593,66.865389,-196.422200,21.951923,3.836362
0.010000,139.306478,62.464956,266.772603,64.901020,-196.436883,-1.468360,3.832721
0.010000,138.820826,62.064648,267.401971,62.936852,-196.416875,2.000869,3.829195
0.010000,138.348983,61.678464,268.011704,60.973239,-196.361302,5.557219,3.825783
0.010000,137.891077,61.306245,268.601809,59.010545,-196.269353,9.194985,3.822485
0.010000,137.447248,60.947852,269.172274,57.046498,-196.404698,-13.534492,3.819300
0.010000,137.017626,60.603144,269.723091,55.081655,-196.484339,-7.964118,3.816229
0.010000,136.602287,60.271950,270.254312,53.122093,-195.956170,52.816838,3.813272
0.010000,136.201358,59.954146,270.765920,51.160860,-196.123348,-16.717752,3.810427
0.010000,135.814966,59.649615,271.257894,49.197362,-196.349731,-22.638333,3.807694
0.010000,135.443168,59.358196,271.730290,47.239671,-195.769141,58.059006,3.805073
0.010000,135.086097,59.079796,272.183067,45.277641,-196.203028,-43.388665,3.802565
0.010000,134.743829,58.814284,272.616246,43.317897,-195.974394,22.863389,3.800167
0.010000,134.416426,58.561530,273.029861,41.361488,-195.640892,33.350214,3.797881
0.010000,134.103995,58.321445,273.423884,39.402302,-195.918528,-27.763649,3.795705
0.010000,133.806625,58.093935,273.798302,37.441876,-196.042598,-12.406946,3.793639
0.010000,133.524362,57.878880,274.153156,35.485386,-195.648994,39.360398,3.791684
0.010000,133.257275,57.676190,274.488445,33.528910,-195.647679,0.131483,3.789838
0.010000,133.005429,57.485776,274.804173,31.572748,-195.616133,3.154618,3.788102
0.010000,132.768882,57.307553,275.100345,29.617209,-195.553977,6.215558,3.786474
0.010000,132.547684,57.141440,275.376971,27.662600,-195.460876,9.310101,3.784955
0.010000,132.341914,56.987384,275.634021,25.704957,-195.764322,-30.344549,3.783545
0.010000,132.151607,56.845306,275.871513,23.749292,-195.566500,19.782137,3.782243
0.010000,131.976777,56.715123,276.089488,21.797483,-195.180848,38.565264,3.781049
0.010000,131.817484,56.596792,276.287924,19.843578,-195.390522,-20.967436,3.779963
0.010000,131.673787,56.490275,276.466795,17.887072,-195.650637,-26.011499,3.778984
0.010000,131.545663,56.395486,276.626170,15.937554,-194.951724,69.891283,3.778113
0.010000,131.433206,56.312430,276.765974,13.980371,-195.718283,-76.655844,3.777349
0.010000,131.336392,56.241034,276.886266,12.029238,-195.113375,60.490781,3.776692
0.010000,131.254684,56.180853,276.987745,10.147872,-188.136556,697.681913,3.776137
0.010000,131.186966,56.131031,277.071816,8.407112,-174.076014,1406.054174,3.775678
0.010000,131.131879,56.090535,277.140187,6.837042,-157.006996,1706.901799,3.775305
0.010000,131.088125,56.058395,277.194477,5.428988,-140.805363,1620.163282,3.775009
0.010000,131.054406,56.033639,277.236307,4.183077,-124.591143,1621.422017,3.774780
0.010000,131.029418,56.015301,277.267302,3.099506,-108.357143,1623.400036,3.774611
0.010000,131.011854,56.002414,277.289087,2.178424,-92.108137,1624.900550,3.774493
0.010000,131.000405,55.994016,277.303286,1.419942,-75.848248,1625.988881,3.774415
0.010000,130.993759,55.989142,277.311527,0.824132,-59.580937,1626.731102,3.774370
0.010000,130.990606,55.986830,277.315438,0.391042,-43.308999,1627.193813,3.774349
0.010000,130.989632,55.986116,277.316645,0.120697,-27.034559,1627.443969,3.774342
0.010000,130.989527,55.986038,277.316776,0.013106,-10.759072,1627.548726,3.774341
0.010000,130.989527,55.986038,277.316776,0.000000,-1.310605,944.846754,3.774341
